Timestamp,Stars,Forks,Watchers,Delta
2026/3/18 18:40:58,1,0,0,0
2026/3/18 18:55:58,1,0,0,0
2026/3/18 19:10:58,1,0,0,0
2026/3/18 19:25:58,1,0,0,0
2026/3/18 19:40:58,1,0,0,0
2026/3/18 19:55:58,1,0,0,0
2026/3/18 22:04:04,1,0,0,0
2026/3/18 22:53:23,1,0,0,0
2026/3/18 23:08:23,1,0,0,0
2026/3/18 23:23:23,1,0,0,0
2026/3/18 23:38:23,1,0,0,0
2026/3/18 23:53:23,1,0,0,0
2026/3/19 00:08:23,1,0,0,0
2026/3/19 00:23:23,1,0,0,0
2026/3/19 00:38:23,1,0,0,0
2026/3/19 08:43:49,1,0,0,0
2026/3/19 08:58:49,1,0,0,0
2026/3/19 09:13:49,1,0,0,0
2026/3/19 09:28:49,1,0,0,0
2026/3/19 09:43:49,1,0,0,0
2026/3/19 09:58:49,1,0,0,0
2026/3/19 10:13:49,1,0,0,0
2026/3/19 10:28:49,1,0,0,0
2026/3/19 10:43:49,1,0,0,0
2026/3/19 10:58:49,1,0,0,0
2026/3/19 11:13:49,1,0,0,0
2026/3/19 11:28:49,1,0,0,0
2026/3/19 11:43:49,1,0,0,0
2026/3/19 11:58:49,1,0,0,0
2026/3/19 12:13:49,1,0,0,0
2026/3/19 12:28:49,1,0,0,0
2026/3/19 12:43:49,1,0,0,0
2026/3/19 12:58:49,2,0,0,1
2026/3/19 13:13:49,2,0,0,0
2026/3/19 13:28:49,2,0,0,0
2026/3/19 13:43:49,2,0,0,0
2026/3/19 13:58:49,2,0,0,0
2026/3/19 14:13:49,2,0,0,0
2026/3/19 14:43:49,2,0,0,0
2026/3/19 14:58:49,2,0,0,0
2026/3/19 15:13:49,2,0,0,0
2026/3/19 15:28:49,2,0,0,0
2026/3/19 15:43:49,2,0,0,0
2026/3/19 15:58:49,2,0,0,0
2026/3/19 16:13:49,2,0,0,0
2026/3/19 16:28:49,2,0,0,0
2026/3/19 16:43:49,2,0,0,0
2026/3/19 16:58:49,2,0,0,0
2026/3/19 17:13:49,2,0,0,0
2026/3/19 17:28:49,2,0,0,0
2026/3/19 17:43:49,2,0,0,0
2026/3/19 17:58:49,2,0,0,0
2026/3/19 18:13:49,2,0,0,0
2026/3/19 18:28:49,2,0,0,0
2026/3/19 18:43:49,2,0,0,0
2026/3/19 18:58:49,2,0,0,0
2026/3/19 19:28:49,2,0,0,0
2026/3/19 19:43:49,2,0,0,0
2026/3/19 19:58:49,2,0,0,0
2026/3/19 20:13:49,2,0,0,0
